,x_values,14f,7f,KDE's sum,KDE's top,General KDE
0,-10000.0,7.530815166629543e-09,1.575587186274924e-08,2.3286687029378783e-08,1.575587186274924e-08,2.3900806448106426e-09
1,-9409.018036072144,1.1688868090352987e-08,2.3713644407737006e-08,3.5402512498089995e-08,2.3713644407737006e-08,4.144547012888672e-09
2,-8818.036072144288,1.7825442521475693e-08,3.5120449911616325e-08,5.294589243309202e-08,3.5120449911616325e-08,7.028008177241022e-09
3,-8227.054108216433,2.670947727273571e-08,5.118687908562511e-08,7.789635635836081e-08,5.118687908562511e-08,1.1654771744183316e-08
4,-7636.072144288577,3.9325113658238915e-08,7.342239969661612e-08,1.1274751335485504e-07,7.342239969661612e-08,1.8902534916735557e-08
5,-7045.090180360721,5.689570048253697e-08,1.0365935806794131e-07,1.6055505855047826e-07,1.0365935806794131e-07,2.998560005032909e-08
6,-6454.108216432865,8.089519645933258e-08,1.4405949324313215e-07,2.2495468970246473e-07,1.4405949324313215e-07,4.652831118366977e-08
7,-5863.12625250501,1.130402668983111e-07,1.970958605509922e-07,3.101361274493033e-07,1.970958605509922e-07,7.062746061736772e-08
8,-5272.144288577154,1.5525635493110566e-07,2.655035828650587e-07,4.207599377961644e-07,2.655035828650587e-07,1.0488826665248537e-07
9,-4681.162324649298,2.0961211348232832e-07,3.521945178613426e-07,5.61806631343671e-07,3.521945178613426e-07,1.5241543279885e-07
10,-4090.1803607214424,2.7821906559342123e-07,4.601338682550119e-07,7.383529338484331e-07,4.601338682550119e-07,2.1674006974309632e-07
11,-3499.1983967935867,3.63097284332445e-07,5.921808930913647e-07,9.552781774238097e-07,5.921808930913647e-07,3.016662404326771e-07
12,-2908.216432865731,4.6601304048959795e-07,7.509008787741189e-07,1.2169139192637169e-06,7.509008787741189e-07,4.110285917570452e-07
13,-2317.234468937875,5.883002161717892e-07,9.383608179232088e-07,1.526661034094998e-06,9.383608179232088e-07,5.483651997118832e-07
14,-1726.2525050100194,7.306829584497392e-07,1.1559260269979388e-06,1.886608985447678e-06,1.1559260269979388e-06,7.165264235257993e-07
15,-1135.2705410821636,8.931214427634879e-07,1.4040783032499448e-06,2.2971997460134326e-06,1.4040783032499448e-06,9.172588720613718e-07
16,-544.2885771543079,1.0747045571818927e-06,1.6822773156726915e-06,2.756981872854584e-06,1.6822773156726915e-06,1.1508198807346215e-06
17,46.6933867735479,1.2736118062848672e-06,1.988885109500318e-06,3.262496915785185e-06,1.988885109500318e-06,1.4156878013904891e-06
18,637.6753507014037,1.4871612095874728e-06,2.3211686504172115e-06,3.808329860004684e-06,2.3211686504172115e-06,1.70843278831131e-06
19,1228.6573146292594,1.7119505508550711e-06,2.675387542840995e-06,4.387338093696066e-06,2.675387542840995e-06,2.023798938350232e-06
20,1819.6392785571152,1.94408694301992e-06,3.046964288133095e-06,4.991051231153015e-06,3.046964288133095e-06,2.3550215081872294e-06
21,2410.621242484971,2.179486006110374e-06,3.4307240438569522e-06,5.610210049967326e-06,3.4307240438569522e-06,2.694365636526404e-06
22,3001.6032064128267,2.4142092703533958e-06,3.82118142487101e-06,6.235390695224406e-06,3.82118142487101e-06,3.033831843093246e-06
23,3592.5851703406825,2.644799146739164e-06,4.212845066404068e-06,6.857644213143232e-06,4.212845066404068e-06,3.365936979270928e-06
24,4183.567134268538,2.8685670725997255e-06,4.600507740827602e-06,7.4690748134273275e-06,4.600507740827602e-06,3.684455976337373e-06
25,4774.549098196394,3.0837935559173287e-06,4.97949147284191e-06,8.063285028759239e-06,4.97949147284191e-06,3.985006451239759e-06
26,5365.53106212425,3.2898089478189112e-06,5.345823242335067e-06,8.635632190153977e-06,5.345823242335067e-06,4.265377815533999e-06
27,5956.5130260521055,3.4869396788143745e-06,5.696326607292904e-06,9.183266286107278e-06,5.696326607292904e-06,4.525546704187181e-06
28,6547.494989979961,3.6763240138295066e-06,6.028626368448745e-06,9.70495038227825e-06,6.028626368448745e-06,4.767374012891595e-06
29,7138.476953907819,3.859620934790679e-06,6.341075304795601e-06,1.0200696239586279e-05,6.341075304795601e-06,4.9940348162129975e-06
30,7729.458917835673,4.038652179760561e-06,6.632622097508683e-06,1.0671274277269245e-05,6.632622097508683e-06,5.2092791782109534e-06
31,8320.440881763527,4.2150278693812754e-06,6.902646249260453e-06,1.1117674118641729e-05,6.902646249260453e-06,5.41664954513114e-06
32,8911.422845691384,4.389808716765531e-06,7.150788160348008e-06,1.1540596877113539e-05,7.150788160348008e-06,5.618783597475816e-06
33,9502.404809619242,4.563252156232323e-06,7.376800396065566e-06,1.1940052552297889e-05,7.376800396065566e-06,5.8169103788388145e-06
34,10093.386773547096,4.734676932340263e-06,7.580440194544195e-06,1.2315117126884458e-05,7.580440194544195e-06,6.010607878082988e-06
35,10684.36873747495,4.902463080138444e-06,7.761414643253659e-06,1.2663877723392103e-05,7.761414643253659e-06,6.197841434319995e-06
36,11275.350701402807,5.064184837881422e-06,7.919380245612076e-06,1.2983565083493498e-05,7.919380245612076e-06,6.37525494841323e-06
37,11866.332665330665,5.216856003657898e-06,8.05398938189765e-06,1.3270845385555548e-05,8.05398938189765e-06,6.538649990972329e-06
38,12457.314629258519,5.357253228376134e-06,8.16496877486407e-06,1.3522222003240203e-05,8.16496877486407e-06,6.683567018116011e-06
39,13048.296593186373,5.482274462566199e-06,8.252210414385883e-06,1.3734484876952082e-05,8.252210414385883e-06,6.80587917316079e-06
40,13639.27855711423,5.58928786508922e-06,8.315853901334541e-06,1.3905141766423761e-05,8.315853901334541e-06,6.902319764710247e-06
41,14230.260521042088,5.676430501265401e-06,8.356340801641327e-06,1.4032771302906727e-05,8.356340801641327e-06,6.970884217501647e-06
42,14821.242484969942,5.742824859040269e-06,8.374425953554432e-06,1.4117250812594701e-05,8.374425953554432e-06,7.011070309739313e-06
43,15412.224448897796,5.788692889212013e-06,8.371137093455496e-06,1.4159829982667509e-05,8.371137093455496e-06,7.0239422360269756e-06
44,16003.206412825653,5.815360121207257e-06,8.347681866293834e-06,1.4163041987501092e-05,8.347681866293834e-06,7.012022029529909e-06
45,16594.18837675351,5.825154788058058e-06,8.305309407720103e-06,1.4130464195778162e-05,8.305309407720103e-06,6.979025911455521e-06
46,17185.170340681365,5.821217523464661e-06,8.245141344446037e-06,1.4066358867910696e-05,8.245141344446037e-06,6.9294744171301425e-06
47,17776.15230460922,5.807245176033321e-06,8.167993382028198e-06,1.397523855806152e-05,8.167993382028198e-06,6.86821511866902e-06
48,18367.134268537076,5.787197101410135e-06,8.0742128049835e-06,1.3861409906393635e-05,8.0742128049835e-06,6.7999059836027776e-06
49,18958.116232464934,5.764993749078478e-06,7.963558488483018e-06,1.3728552237561496e-05,7.963558488483018e-06,6.72851495339295e-06
50,19549.098196392788,5.7442355531969365e-06,7.835147919129967e-06,1.3579383472326904e-05,7.835147919129967e-06,6.656894936214278e-06
51,20140.080160320642,5.7279654399666956e-06,7.687490090462353e-06,1.3415455530429048e-05,7.687490090462353e-06,6.586490321395705e-06
52,20731.0621242485,5.718491329831479e-06,7.518614273899107e-06,1.3237105603730586e-05,7.518614273899107e-06,6.517219273758718e-06
53,21322.044088176357,5.7172767574236145e-06,7.326293369917026e-06,1.304357012734064e-05,7.326293369917026e-06,6.447555210029528e-06
54,21913.02605210421,5.724899271922077e-06,7.108348093666812e-06,1.283324736558889e-05,7.108348093666812e-06,6.374803181194745e-06
55,22504.008016032065,5.741068805706604e-06,6.863006260115037e-06,1.2604075065821641e-05,6.863006260115037e-06,6.2955368400102854e-06
56,23094.989979959922,5.764692792957945e-06,6.589281635112862e-06,1.2353974428070807e-05,6.589281635112862e-06,6.206135062984138e-06
57,23685.97194388778,5.793972256827228e-06,6.287330769944518e-06,1.2081303026771746e-05,6.287330769944518e-06,6.103339835252321e-06
58,24276.953907815638,5.826513659587686e-06,5.958745045595515e-06,1.1785258705183201e-05,5.958745045595515e-06,5.984752809577083e-06
59,24867.935871743488,5.8594447500852955e-06,5.606739256141801e-06,1.1466184006227097e-05,5.8594447500852955e-06,5.849198392275706e-06
60,25458.917835671346,5.889528122752255e-06,5.236207120139467e-06,1.1125735242891722e-05,5.889528122752255e-06,5.6969044911894905e-06
61,26049.899799599203,5.913272486450796e-06,4.853627050620471e-06,1.0766899537071266e-05,5.913272486450796e-06,5.529483599739727e-06
62,26640.881763527053,5.92704730986058e-06,4.46681670569607e-06,1.039386401555665e-05,5.92704730986058e-06,5.349730400698205e-06
63,27231.86372745491,5.927210231781235e-06,4.08455037105833e-06,1.0011760602839564e-05,5.927210231781235e-06,5.16128103267951e-06
64,27822.84569138277,5.910257415379766e-06,3.7160672217953172e-06,9.626324637175083e-06,5.910257415379766e-06,4.968198272493417e-06
65,28413.827655310626,5.873004442395197e-06,3.370509434770745e-06,9.243513877165942e-06,5.873004442395197e-06,4.774553156255404e-06
66,29004.809619238484,5.812799581608939e-06,3.0563359692777694e-06,8.869135550886709e-06,5.812799581608939e-06,4.584066793272709e-06
67,29595.791583166334,5.727763143342345e-06,2.780760208477773e-06,8.508523351820118e-06,5.727763143342345e-06,4.399858738270087e-06
68,30186.77354709419,5.6170374706681366e-06,2.5492577225669027e-06,8.166295193235039e-06,5.6170374706681366e-06,4.2243245840550425e-06
69,30777.75551102205,5.481023546042046e-06,2.3651847518676803e-06,7.846208297909726e-06,5.481023546042046e-06,4.05914054097848e-06
70,31368.7374749499,5.321573891739306e-06,2.2295394045054684e-06,7.551113296244774e-06,5.321573891739306e-06,3.90537148739184e-06
71,31959.719438877757,5.142108884062269e-06,2.140886844848665e-06,7.282995728910934e-06,5.142108884062269e-06,3.7636448451949215e-06
72,32550.701402805615,4.947625791755948e-06,2.09545766199931e-06,7.043083453755258e-06,4.947625791755948e-06,3.6343473442010393e-06
73,33141.68336673347,4.744577131883823e-06,2.087415793891457e-06,6.83199292577528e-06,4.744577131883823e-06,3.517804996762164e-06
74,33732.66533066133,4.540606873863719e-06,2.109279434787124e-06,6.649886308650843e-06,4.540606873863719e-06,3.4144164457583627e-06
75,34323.64729458918,4.344148388097607e-06,2.1524659176199664e-06,6.496614305717574e-06,4.344148388097607e-06,3.324723271754941e-06
76,34914.62925851704,4.1639049341777214e-06,2.2079204294330163e-06,6.371825363610738e-06,4.1639049341777214e-06,3.249414592272878e-06
77,35505.611222444895,4.0082495949959305e-06,2.2667795592791292e-06,6.27502915427506e-06,4.0082495949959305e-06,3.1892745906487612e-06
78,36096.593186372746,3.884594487048206e-06,2.3210151831135787e-06,6.205609670161785e-06,3.884594487048206e-06,3.1450887272335618e-06
79,36687.5751503006,3.7987867267473023e-06,2.3640031088213924e-06,6.162789835568695e-06,3.7987867267473023e-06,3.1175268036936524e-06
80,37278.55711422846,3.7545896064807884e-06,2.390965019181299e-06,6.145554625662088e-06,3.7545896064807884e-06,3.1070193974753244e-06
81,37869.53907815632,3.7533012935516167e-06,2.3992418384453083e-06,6.152543131996925e-06,3.7533012935516167e-06,3.113639867431561e-06
82,38460.521042084176,3.7935507495663173e-06,2.388371296670986e-06,6.181922046237304e-06,3.7935507495663173e-06,3.1369988843826763e-06
83,39051.503006012026,3.8712931158540585e-06,2.3599610000448316e-06,6.23125411589889e-06,3.8712931158540585e-06,3.1761538805848137e-06
84,39642.484969939884,3.980006890450452e-06,2.317368870077333e-06,6.297375760527785e-06,3.980006890450452e-06,3.2295331359996617e-06
85,40233.46693386774,4.111075522068236e-06,2.265223049859418e-06,6.376298571927654e-06,4.111075522068236e-06,3.2948740445717776e-06
86,40824.44889779559,4.254319105782834e-06,2.208830800236401e-06,6.463149906019235e-06,4.254319105782834e-06,3.3691774358057404e-06
87,41415.43086172345,4.398629647551546e-06,2.1535382517403637e-06,6.55216789929191e-06,4.398629647551546e-06,3.448684090183883e-06
88,42006.41282565131,4.532656961454093e-06,2.104108439543608e-06,6.636765400997701e-06,4.532656961454093e-06,3.528884683277374e-06
89,42597.394789579164,4.645491787493793e-06,2.0641829674841503e-06,6.709674754977944e-06,4.645491787493793e-06,3.604578797526843e-06
90,43188.37675350702,4.727297400595024e-06,2.03588304191743e-06,6.763180442512454e-06,4.727297400595024e-06,3.6700005836252375e-06
91,43779.35871743487,4.769849439029207e-06,2.019589580788441e-06,6.7894390198176485e-06,4.769849439029207e-06,3.7190264476182343e-06
92,44370.34068136273,4.766954271810263e-06,2.0139215647762568e-06,6.78087583658652e-06,4.766954271810263e-06,3.7454726461227076e-06
93,44961.32264529059,4.714727410259842e-06,2.0159092606932784e-06,6.73063667095312e-06,4.714727410259842e-06,3.7434778185071568e-06
94,45552.30460921844,4.6117240835827956e-06,2.0213371674055177e-06,6.633061250988313e-06,4.6117240835827956e-06,3.7079486603399025e-06
95,46143.286573146295,4.458923478976977e-06,2.0252131581762927e-06,6.48413663715327e-06,4.458923478976977e-06,3.6350290601028665e-06
96,46734.26853707415,4.259576104055394e-06,2.022307516308647e-06,6.281883620364041e-06,4.259576104055394e-06,3.5225381082520837e-06
97,47325.25050100201,4.018930391345673e-06,2.0076998421787946e-06,6.0266302335244675e-06,4.018930391345673e-06,3.3703147045081056e-06
98,47916.23246492987,3.7438602586946232e-06,1.977273679289252e-06,5.721133937983875e-06,3.7438602586946232e-06,3.1804093654994056e-06
99,48507.21442885772,3.442419987286379e-06,1.9281076965237588e-06,5.370527683810138e-06,3.442419987286379e-06,2.957078558746708e-06
100,49098.196392785576,3.1233563716312363e-06,1.8587269745637573e-06,4.982083346194993e-06,3.1233563716312363e-06,2.7065620267185763e-06
101,49689.17835671343,2.795610283909787e-06,1.769196250081831e-06,4.564806533991619e-06,2.795610283909787e-06,2.436654993177138e-06
102,50280.160320641284,2.467840092298202e-06,1.6610563308173538e-06,4.1288964231155554e-06,2.467840092298202e-06,2.15611886608267e-06
103,50871.14228456914,2.1479973343453665e-06,1.5371227303763219e-06,3.6851200647216886e-06,2.1479973343453665e-06,1.8739996071716404e-06
104,51462.124248497,1.8429804608317743e-06,1.4011796513915507e-06,3.244160112223325e-06,1.8429804608317743e-06,1.5989370183726442e-06
105,52053.10621242486,1.558385498175683e-06,1.2576112035373134e-06,2.8159967017129963e-06,1.558385498175683e-06,1.3385479803756404e-06
106,52644.088176352714,1.298363718562802e-06,1.1110144821157717e-06,2.4093782006785736e-06,1.298363718562802e-06,1.0989525136974761e-06
107,53235.070140280564,1.0655868071770023e-06,9.65836076925281e-07,2.031422884102283e-06,1.0655868071770023e-06,8.844867503114833e-07
108,53826.05210420842,8.613107255598777e-07,8.260657674130715e-07,1.6873764929729493e-06,8.613107255598777e-07,6.976168824388328e-07
109,54417.03406813628,6.855216254027618e-07,6.950102045274024e-07,1.380531829930164e-06,6.950102045274024e-07,5.390389175270182e-07
110,55008.01603206413,5.371416767645717e-07,5.75157162459408e-07,1.1122988392239797e-06,5.75157162459408e-07,4.0792584515026686e-07
111,55598.99799599199,4.1427006041778605e-07,4.6812928176219607e-07,8.823993421799822e-07,4.6812928176219607e-07,3.0226996770669124e-07
112,56189.979959919845,3.144346973541406e-07,3.747165943959584e-07,6.89151291750099e-07,3.747165943959584e-07,2.192646580019929e-07
113,56780.9619238477,2.3483317532898532e-07,2.9497047017161635e-07,5.298036455006016e-07,2.9497047017161635e-07,1.5567547525366636e-07
114,57371.94388777556,1.7254607981792517e-07,2.2833830864523338e-07,4.008843884631585e-07,2.2833830864523338e-07,1.081626374869646e-07
115,57962.92585170342,1.247116703884688e-07,1.7381812829016748e-07,2.985297986786363e-07,1.7381812829016748e-07,7.35318939619111e-08
116,58553.907815631275,8.865668507152703e-08,1.3011456633649338e-07,2.187712514080204e-07,1.3011456633649338e-07,4.8905647755002074e-08
117,59144.88977955912,6.19832658709594e-08,9.578184981950234e-08,1.5776511569046174e-07,9.578184981950234e-08,3.181834848971226e-08
118,59735.871743486976,4.261607143452541e-08,6.934412756438411e-08,1.1196019899890952e-07,6.934412756438411e-08,2.0248417680893418e-08
119,60326.85370741483,2.8816338155716922e-08,4.938835896340113e-08,7.820469711911805e-08,4.938835896340113e-08,1.2603065659813015e-08
120,60917.83567134269,1.9170975744007614e-08,3.46291343014207e-08,5.3800110045428317e-08,3.46291343014207e-08,7.672903169331368e-09
121,61508.81763527055,1.2564933841363199e-08,2.394799369164727e-08,3.651292753301047e-08,2.394799369164727e-08,4.571288368381805e-09
122,62099.799599198406,8.144361059605886e-09,1.6411894126340735e-08,2.4556255185946622e-08,1.6411894126340735e-08,2.6700340640962716e-09
123,62690.781563126264,5.276840611826184e-09,1.1276512813806039e-08,1.6553353425632222e-08,1.1276512813806039e-08,1.5394347731200451e-09
124,63281.76352705411,3.513543330124047e-09,7.980258647472932e-09,1.1493801977596978e-08,7.980258647472932e-09,8.972767938348323e-10
125,63872.745490981964,2.5567350968459224e-09,6.1344344270677245e-09,8.691169523913647e-09,6.1344344270677245e-09,5.689686951102961e-10
126,64463.72745490982,2.2348675226020545e-09,5.514186567642393e-09,7.749054090244448e-09,5.514186567642393e-09,4.593040914724615e-10
127,65054.70941883768,2.4865333697867165e-09,6.053885652708036e-09,8.540419022494754e-09,6.053885652708036e-09,5.355791496688505e-10
128,65645.69138276554,3.3538690421183276e-09,7.849521579546042e-09,1.120339062166437e-08,7.849521579546042e-09,8.216559920084738e-10
129,66236.6733466934,4.985465318782168e-09,1.1169622796095945e-08,1.6155088114878112e-08,1.1169622796095945e-08,1.4028590349741039e-09
130,66827.65531062125,7.648400952343253e-09,1.64751156479238e-08,2.4123516600267053e-08,1.64751156479238e-08,2.442065274943541e-09
131,67418.63727454911,1.1748529890496395e-08,2.444739038310295e-08,3.619592027359935e-08,2.444739038310295e-08,4.207748050582786e-09
132,68009.61923847697,1.785753580389071e-08,3.602259553995321e-08,5.388013134384392e-08,3.602259553995321e-08,7.114802565783687e-09
133,68600.60120240481,2.67444603726242e-08,5.242883055436617e-08,7.917329092699037e-08,5.242883055436617e-08,1.1778473755898788e-08
134,69191.58316633267,3.940841672165989e-08,7.522148955240114e-08,1.1462990627406102e-07,7.522148955240114e-08,1.908040977889954e-08
135,69782.56513026053,5.7108092919999886e-08,1.0631064055610103e-07,1.6341873347610091e-07,1.0631064055610103e-07,3.024364864069649e-08
136,70373.54709418838,8.138258845690847e-08,1.4797319158651187e-07,2.2935578004342034e-07,1.4797319158651187e-07,4.6910239656098666e-08
137,70964.52905811624,1.140573355842287e-07,2.0284194742319696e-07,3.1689928300742565e-07,2.0284194742319696e-07,7.121147159639605e-08
138,71555.5110220441,1.5722860750217147e-07,2.738637755822328e-07,4.310923830844043e-07,2.738637755822328e-07,1.05816888635499e-07
139,72146.49298597196,2.1322067419891024e-07,3.6422023306243656e-07,5.774409072613467e-07,3.6422023306243656e-07,1.5394528662789115e-07
140,72737.4749498998,2.84511237932671e-07,4.77206328165984e-07,7.61717566098655e-07,4.77206328165984e-07,2.1931977008933643e-07
141,73328.45691382766,3.736234362419962e-07,6.160666279788563e-07,9.896900642208526e-07,6.160666279788563e-07,3.060508015657931e-07
142,73919.43887775551,4.829863242691651e-07,7.837924965296286e-07,1.2667788207987937e-06,7.837924965296286e-07,4.1843679508036426e-07
143,74510.42084168337,6.147700036617306e-07,9.828894631353327e-07,1.5976594667970632e-06,9.828894631353327e-07,5.606813814198903e-07
144,75101.40280561123,7.707059089160916e-07,1.215128971191841e-06,1.9858348801079328e-06,1.215128971191841e-06,7.365392912883535e-07
145,75692.38476953909,9.51906508249138e-07,1.4813032993916698e-06,2.433209807640808e-06,1.4813032993916698e-06,9.48917129758888e-07
146,76283.36673346694,1.1587011114622821e-06,1.7810055014480234e-06,2.9397066129103053e-06,1.7810055014480234e-06,1.1994685442721936e-06
147,76874.3486973948,1.3905050059902164e-06,2.1124571023996265e-06,3.502962108389843e-06,2.1124571023996265e-06,1.4882323818278756e-06
148,77465.33066132266,1.6457374326524852e-06,2.4724045909398717e-06,4.1181420235923565e-06,2.4724045909398717e-06,1.8133646170674553e-06
149,78056.3126252505,1.921800006703603e-06,2.856101390472796e-06,4.777901397176398e-06,2.856101390472796e-06,2.1710083948707865e-06
150,78647.29458917836,2.215121541913455e-06,3.257385328467539e-06,5.472506870380994e-06,3.257385328467539e-06,2.5553314701589452e-06
151,79238.27655310622,2.5212686579330644e-06,3.6688534047886826e-06,6.190122062721747e-06,3.6688534047886826e-06,2.958738666600729e-06
152,79829.25851703408,2.835115068623105e-06,4.082126929483623e-06,6.9172419981067275e-06,4.082126929483623e-06,3.3722425415188942e-06
153,80420.24048096193,3.151057087339853e-06,4.48819202197632e-06,7.639249109316173e-06,4.48819202197632e-06,3.785953107777242e-06
154,81011.22244488979,3.4632594445542202e-06,4.877794103843619e-06,8.34105354839784e-06,4.877794103843619e-06,4.189631990235099e-06
155,81602.20440881765,3.76591438170492e-06,5.241861141372596e-06,9.007775523077516e-06,5.241861141372596e-06,4.573251196374704e-06
156,82193.18637274549,4.0534980469657575e-06,5.571929313293785e-06,9.625427360259543e-06,5.571929313293785e-06,4.927502829861552e-06
157,82784.16833667335,4.321010886825675e-06,5.860546295533249e-06,1.0181557182358923e-05,5.860546295533249e-06,5.244221889127617e-06
158,83375.1503006012,4.564192101181441e-06,6.10163081843821e-06,1.0665822919619651e-05,6.10163081843821e-06,5.5167056499494465e-06
159,83966.13226452906,4.779701338899333e-06,6.290771624726888e-06,1.1070472963626221e-05,6.290771624726888e-06,5.73993447472506e-06
160,84557.11422845692,4.965262885496696e-06,6.425453447084696e-06,1.1390716332581391e-05,6.425453447084696e-06,5.9107146651490415e-06
161,85148.09619238478,5.119768285885469e-06,6.5052013393835855e-06,1.1624969625269056e-05,6.5052013393835855e-06,6.02777011245482e-06
162,85739.07815631264,5.24333283391842e-06,6.53163724279087e-06,1.177497007670929e-05,6.53163724279087e-06,6.091804562537716e-06
163,86330.0601202405,5.3373003176637705e-06,6.50844415871589e-06,1.184574447637966e-05,6.50844415871589e-06,6.105541966193709e-06
164,86921.04208416835,5.404189812297457e-06,6.441234316707819e-06,1.1845424129005275e-05,6.441234316707819e-06,6.073733058037995e-06
165,87512.0240480962,5.447579160574971e-06,6.337319154823363e-06,1.1784898315398333e-05,6.337319154823363e-06,6.003098119087034e-06
166,88103.00601202405,5.471922784314109e-06,6.205381702377906e-06,1.1677304486692014e-05,6.205381702377906e-06,5.90216506264717e-06
167,88693.98797595191,5.4823067965930125e-06,6.055056744636668e-06,1.153736354122968e-05,6.055056744636668e-06,5.780963217007144e-06
168,89284.96993987977,5.484151533778768e-06,5.8964311185864115e-06,1.138058265236518e-05,5.8964311185864115e-06,5.650548216623033e-06
169,89875.95190380763,5.482879479264945e-06,5.739485146605858e-06,1.1222364625870803e-05,5.739485146605858e-06,5.52236040888846e-06
170,90466.93386773548,5.483573581630787e-06,5.593505429769946e-06,1.1077079011400733e-05,5.593505429769946e-06,5.407452900041221e-06
171,91057.91583166334,5.49065558449336e-06,5.4665074068246925e-06,1.0957162991318052e-05,5.49065558449336e-06,5.315658286446714e-06
172,91648.89779559118,5.507614897343751e-06,5.3647115082825265e-06,1.0872326405626278e-05,5.507614897343751e-06,5.2547872284208135e-06
173,92239.87975951904,5.5368150937066665e-06,5.292117901919653e-06,1.082893299562632e-05,5.5368150937066665e-06,5.229960816633801e-06
174,92830.8617234469,5.579397497289267e-06,5.250220826380853e-06,1.082961832367012e-05,5.579397497289267e-06,5.243168891086885e-06
175,93421.84368737476,5.635290512046088e-06,5.237894259676051e-06,1.0873184771722139e-05,5.635290512046088e-06,5.293119039095574e-06
176,94012.82565130261,5.7033210209404375e-06,5.251466980022969e-06,1.0954788000963406e-05,5.7033210209404375e-06,5.375400962729856e-06
177,94603.80761523047,5.781412292924559e-06,5.2849885324020236e-06,1.1066400825326582e-05,5.781412292924559e-06,5.482946232876474e-06
178,95194.78957915833,5.866843292235017e-06,5.33067029056768e-06,1.1197513582802698e-05,5.866843292235017e-06,5.606723071187685e-06
179,95785.77154308619,5.956538520085619e-06,5.3794698877301e-06,1.1336008407815718e-05,5.956538520085619e-06,5.736577428381977e-06
180,96376.75350701404,6.0473562601632114e-06,5.421774691117674e-06,1.1469130951280886e-05,6.0473562601632114e-06,5.862119903880809e-06
181,96967.73547094189,6.136346250239617e-06,5.4481320445310305e-06,1.1584478294770648e-05,6.136346250239617e-06,5.973563605786477e-06
182,97558.71743486974,6.220954521120643e-06,5.449971276632023e-06,1.1670925797752666e-05,6.220954521120643e-06,6.062437644985583e-06
183,98149.6993987976,6.299162063988496e-06,5.420264795892446e-06,1.1719426859880942e-05,6.299162063988496e-06,6.122128658784762e-06
184,98740.68136272546,6.369553520921307e-06,5.354082180301457e-06,1.1723635701222764e-05,6.369553520921307e-06,6.14823172250909e-06
185,99331.66332665332,6.431320749603375e-06,5.249000862091477e-06,1.1680321611694853e-05,6.431320749603375e-06,6.13871631939273e-06
186,99922.64529058117,6.484212753339362e-06,5.105348533969925e-06,1.1589561287309288e-05,6.484212753339362e-06,6.09392908464568e-06
187,100513.62725450903,6.528447457388318e-06,4.926264602585143e-06,1.145471205997346e-05,6.528447457388318e-06,6.016462039108437e-06
188,101104.60921843688,6.564602053164874e-06,4.7175799737499516e-06,1.1282182026914825e-05,6.564602053164874e-06,5.910914691043998e-06
189,101695.59118236473,6.593497480874291e-06,4.4875255460977975e-06,1.1081023026972088e-05,6.593497480874291e-06,5.783573904917445e-06
190,102286.57314629259,6.616089743305223e-06,4.246289632607931e-06,1.0862379375913153e-05,6.616089743305223e-06,5.642030231801317e-06
191,102877.55511022045,6.633376931668404e-06,4.005452891918981e-06,1.0638829823587385e-05,6.633376931668404e-06,5.494746031212091e-06
192,103468.5370741483,6.64632685532892e-06,3.7773360560319723e-06,1.0423662911360892e-05,6.64632685532892e-06,5.350590308002685e-06
193,104059.51903807616,6.655826601484795e-06,3.5743005933274656e-06,1.0230127194812261e-05,6.655826601484795e-06,5.2183574124248836e-06
194,104650.50100200402,6.662652589874257e-06,3.4080452106047804e-06,1.0070697800479037e-05,6.662652589874257e-06,5.106290295791562e-06
195,105241.48296593188,6.6674578875746936e-06,3.2889415232814224e-06,9.956399410856115e-06,6.6674578875746936e-06,5.0216322572531865e-06
196,105832.46492985974,6.670772676668661e-06,3.2254500995591296e-06,9.89622277622779e-06,6.670772676668661e-06,4.970232723332319e-06
197,106423.44689378758,6.673013660268564e-06,3.223653317422056e-06,9.89666697769062e-06,6.673013660268564e-06,4.95623184709037e-06
198,107014.42885771544,6.674498623471985e-06,3.286934148793036e-06,9.96143277226502e-06,6.674498623471985e-06,4.981845494619265e-06
199,107605.4108216433,6.675463101240127e-06,3.4158204140347187e-06,1.0091283515274846e-05,6.675463101240127e-06,5.047266805564709e-06
200,108196.39278557115,6.676076943537149e-06,3.6080027824555053e-06,1.0284079725992654e-05,6.676076943537149e-06,5.150693413685488e-06
201,108787.37474949901,6.6764593613668955e-06,3.85852260165353e-06,1.0534981963020426e-05,6.6764593613668955e-06,5.288481009153519e-06
202,109378.35671342687,6.6766916954569785e-06,4.160113462363e-06,1.083680515781998e-05,6.6766916954569785e-06,5.455414615589606e-06
203,109969.33867735472,6.67682763292059e-06,4.503669280344925e-06,1.1180496913265514e-05,6.67682763292059e-06,5.645079268104168e-06
204,110560.32064128257,6.676900904124759e-06,4.878802627348947e-06,1.1555703531473706e-05,6.676900904124759e-06,5.8503025307363395e-06
205,111151.30260521043,6.676930642999026e-06,5.274450966395115e-06,1.195138160939414e-05,6.676930642999026e-06,6.063633637281537e-06
206,111742.28456913828,6.6769246198505515e-06,5.679485992114622e-06,1.2356410611965173e-05,6.6769246198505515e-06,6.277819325868877e-06
207,112333.26653306614,6.676880488522786e-06,6.083282742087587e-06,1.2760163230610374e-05,6.676880488522786e-06,6.486235878236223e-06
208,112924.248496994,6.676785057852746e-06,6.4762104068254935e-06,1.315299546467824e-05,6.676785057852746e-06,6.683241150938406e-06
209,113515.23046092186,6.67661142508251e-06,6.850015266782681e-06,1.3526626691865191e-05,6.850015266782681e-06,6.8644193267388904e-06
210,114106.21242484971,6.676313617794775e-06,7.198076984552265e-06,1.387439060234704e-05,7.198076984552265e-06,7.0267035905479555e-06
211,114697.19438877757,6.6758182042407726e-06,7.5155313726108126e-06,1.4191349576851585e-05,7.5155313726108126e-06,7.1683760264813425e-06
212,115288.17635270543,6.6750121784491066e-06,7.799264432592005e-06,1.447427661104111e-05,7.799264432592005e-06,7.288957441146632e-06
213,115879.15831663327,6.6737263444002426e-06,8.047792694096015e-06,1.4721519038496258e-05,8.047792694096015e-06,7.389010391291808e-06
214,116470.14028056113,6.67171346183735e-06,8.261052695262182e-06,1.4932766157099532e-05,8.261052695262182e-06,7.469884919651907e-06
215,117061.12224448899,6.668620632448822e-06,8.440127246890354e-06,1.5108747879339175e-05,8.440127246890354e-06,7.533437825489764e-06
216,117652.10420841684,6.6639558583012556e-06,8.586937742976873e-06,1.5250893601278129e-05,8.586937742976873e-06,7.5817531792853015e-06
217,118243.0861723447,6.657049442533747e-06,8.703930471738148e-06,1.5360979914271893e-05,8.703930471738148e-06,7.616885530167803e-06
218,118834.06813627256,6.647011944627785e-06,8.793781215516126e-06,1.544079316014391e-05,8.793781215516126e-06,7.640639612924336e-06
219,119425.05010020042,6.632691718692335e-06,8.859137170675068e-06,1.5491828889367403e-05,8.859137170675068e-06,7.654393134013016e-06
220,120016.03206412826,6.612636553491467e-06,8.902409181732893e-06,1.551504573522436e-05,8.902409181732893e-06,7.658963834108054e-06
221,120607.01402805612,6.585065415456813e-06,8.925621198350832e-06,1.5510686613807645e-05,8.925621198350832e-06,7.65451927772428e-06
222,121197.99599198397,6.547857507382125e-06,8.9303182924871e-06,1.5478175799869226e-05,8.9303182924871e-06,7.640527737213977e-06
223,121788.97795591183,6.498566471766196e-06,8.917529877635272e-06,1.541609634940147e-05,8.917529877635272e-06,7.615750428922139e-06
224,122379.95991983969,6.434467248061049e-06,8.887781128211445e-06,1.5322248376272494e-05,8.887781128211445e-06,7.578277997306104e-06
225,122970.94188376755,6.352641545760263e-06,8.84114304752783e-06,1.5193784593288093e-05,8.84114304752783e-06,7.5256160531567385e-06
226,123561.9238476954,6.2501049573304426e-06,8.777310149824008e-06,1.502741510715445e-05,8.777310149824008e-06,7.454824381898102e-06
227,124152.90581162326,6.123974450308903e-06,8.695694263261156e-06,1.481966871357006e-05,8.695694263261156e-06,7.362711238647625e-06
228,124743.88777555112,5.971669654045813e-06,8.595523494403162e-06,1.4567193148448974e-05,8.595523494403162e-06,7.246077800218856e-06
229,125334.86973947898,5.791135579739793e-06,8.475936887783428e-06,1.4267072467523221e-05,8.475936887783428e-06,7.101999154709521e-06
230,125925.85170340684,5.581069004179658e-06,8.33606769227578e-06,1.3917136696455437e-05,8.33606769227578e-06,6.928118885230185e-06
231,126516.8336673347,5.341126658367194e-06,8.175111237796168e-06,1.3516237896163361e-05,8.175111237796168e-06,6.722926666466687e-06
232,127107.81563126255,5.0720915112231164e-06,7.992376918767445e-06,1.3064468429990562e-05,7.992376918767445e-06,6.485984744697765e-06
233,127698.79759519038,4.775974526258047e-06,7.787327211784274e-06,1.2563301738042321e-05,7.787327211784274e-06,6.21807153389588e-06
234,128289.77955911824,4.45603360035878e-06,7.559609452957598e-06,1.2015643053316379e-05,7.559609452957598e-06,5.92121943727841e-06
235,128880.7615230461,4.116698755404842e-06,7.30908768227809e-06,1.1425786437682932e-05,7.30908768227809e-06,5.598638395902075e-06
236,129471.74348697395,3.76340228228942e-06,7.035881766147926e-06,1.0799284048437345e-05,7.035881766147926e-06,5.2545339958045195e-06
237,130062.72545090181,3.4023231996308553e-06,6.74041903384957e-06,1.0142742233480426e-05,6.74041903384957e-06,4.8938455835401245e-06
238,130653.70741482967,3.040065567729357e-06,6.423499974642017e-06,9.463565542371374e-06,6.423499974642017e-06,4.5219419267941515e-06
239,131244.68937875752,2.683298349527426e-06,6.086374704841006e-06,8.769673054368432e-06,6.086374704841006e-06,4.14431657812559e-06
240,131835.67134268538,2.3383893510446276e-06,5.7308218339975026e-06,8.06921118504213e-06,5.7308218339975026e-06,3.7663210979317973e-06
241,132426.65330661324,2.0110665252851614e-06,5.359217125720147e-06,7.370283651005308e-06,5.359217125720147e-06,3.3929627051584363e-06
242,133017.6352705411,1.706136463960379e-06,4.974577013189746e-06,6.680713477150125e-06,4.974577013189746e-06,3.0287767644096477e-06
243,133608.61723446895,1.427282789624187e-06,4.580562363936426e-06,6.007845153560613e-06,4.580562363936426e-06,2.6777679510960395e-06
244,134199.5991983968,1.176957527030117e-06,4.181431184003773e-06,5.358388711033889e-06,4.181431184003773e-06,2.3434010960225044e-06
245,134790.58116232467,9.563678598362014e-07,3.781934912148697e-06,4.738302771984899e-06,3.781934912148697e-06,2.0286165294999583e-06
246,135381.56312625253,7.655505262431985e-07,3.3871607160911134e-06,4.152711242334312e-06,3.3871607160911134e-06,1.7358461685544048e-06
247,135972.54509018039,6.035178342401973e-07,3.0023304829549194e-06,3.6058483171951167e-06,3.0023304829549194e-06,1.4670144197414698e-06
248,136563.5270541082,4.684538272536931e-07,2.6325745409314177e-06,3.1010283681851106e-06,2.6325745409314177e-06,1.223519352573609e-06
249,137154.50901803607,3.579369126685958e-07,2.282703223125134e-06,2.6406401357937298e-06,2.282703223125134e-06,1.0062009819294766e-06
250,137745.49098196393,2.691661463957166e-07,1.9570012341226526e-06,2.226167380518369e-06,1.9570012341226526e-06,8.153117080350143e-07
251,138336.4729458918,1.991717669050637e-07,1.6590680150443786e-06,1.8582397819494422e-06,1.6590680150443786e-06,6.505070622559631e-07
252,138927.45490981964,1.449956281658425e-07,1.391722155772258e-06,1.5367177839381007e-06,1.391722155772258e-06,5.108725887050355e-07
253,139518.4368737475,1.0383293326197401e-07,1.1569801593470559e-06,1.26081309260903e-06,1.1569801593470559e-06,3.949961393951921e-07
254,140109.41883767536,7.313223752594245e-08,9.561106901739883e-07,1.0292429276999306e-06,9.561106901739883e-07,3.010861924177806e-07
255,140700.40080160322,5.0655395595675446e-08,7.897561545352528e-07,8.404115501309283e-07,7.897561545352528e-07,2.2712832705342858e-07
256,141291.38276553107,3.4502565584293695e-08,6.581053115002605e-07,6.926078770845543e-07,6.581053115002605e-07,1.7106553507109924e-07
257,141882.36472945893,2.3109425606724438e-08,5.610945766055778e-07,5.842040022123022e-07,5.610945766055778e-07,1.3098455714023706e-07
258,142473.3466933868,1.5224504271029572e-08,4.986123744326759e-07,5.138368787037056e-07,4.986123744326759e-07,1.0528990719531024e-07
259,143064.32865731465,9.874236343004821e-09,4.7068054364864755e-07,4.805547799916524e-07,4.7068054364864755e-07,9.284898473507192e-08
260,143655.3106212425,6.322363153177489e-09,4.77589277293772e-07,4.839116404469496e-07,4.77589277293772e-07,9.309468611657859e-08
261,144246.29258517036,4.028944069638587e-09,5.199670074541132e-07,5.239959515237517e-07,5.199670074541132e-07,1.0607535303383437e-07
262,144837.27454909822,2.612821029140639e-09,5.987734600058082e-07,6.013862810349488e-07,5.987734600058082e-07,1.324453005479678e-07
263,145428.25651302608,1.8200938108285867e-09,7.152121555725135e-07,7.170322493833421e-07,7.152121555725135e-07,1.7339260507812586e-07
264,146019.23847695393,1.5001417664542884e-09,8.705672066001314e-07,8.720673483665857e-07,8.705672066001314e-07,2.3050472005547595e-07
265,146610.22044088176,1.590007777444393e-09,1.065977614549133e-06,1.0675676223265774e-06,1.065977614549133e-06,3.055773083747554e-07
266,147201.20240480962,2.1075146302630716e-09,1.3021696454009281e-06,1.3042771600311912e-06,1.3021696454009281e-06,4.0037765474645356e-07
267,147792.18436873748,3.1532365657868196e-09,1.57917350676721e-06,1.5823267433329968e-06,1.57917350676721e-06,5.163808331373575e-07
268,148383.16633266534,4.921293381317834e-09,1.8960537839852038e-06,1.9009750773665217e-06,1.8960537839852038e-06,6.545035078341554e-07
269,148974.1482965932,7.718752428972322e-09,2.2506833881531683e-06,2.2584021405821407e-06,2.2506833881531683e-06,8.14865380343672e-07
270,149565.13026052105,1.1993100026976028e-08,2.6395878582609496e-06,2.6515809582879255e-06,2.6395878582609496e-06,9.96610208812318e-07
271,150156.1122244489,1.8366683157742168e-08,3.057880832336543e-06,3.076247515494285e-06,3.057880832336543e-06,1.1978156414858783e-06
272,150747.09418837677,2.7676167874666447e-08,3.499302865758342e-06,3.5269790336330084e-06,3.499302865758342e-06,1.4155131762752272e-06
273,151338.07615230462,4.101391265226589e-08,3.956365444207618e-06,3.997379356859884e-06,3.956365444207618e-06,1.6458268110677806e-06
274,151929.05811623248,5.976678794128924e-08,4.420591248012349e-06,4.480358035953639e-06,4.420591248012349e-06,1.8842229688142458e-06
275,152520.04008016034,8.564654925481146e-08,4.882831857310968e-06,4.968478406565779e-06,4.882831857310968e-06,2.125847596727689e-06
276,153111.0220440882,1.20704638947952e-07,5.33363645653694e-06,5.454341095484893e-06,5.33363645653694e-06,2.365911938753784e-06
277,153702.00400801605,1.6732356894122925e-07,5.763640715687171e-06,5.9309642846284e-06,5.763640715687171e-06,2.600079170145504e-06
278,154292.9859719439,2.281771686554728e-07,6.163944421164428e-06,6.392121589819901e-06,6.163944421164428e-06,2.824801847821839e-06
279,154883.96793587177,3.0615328062886734e-07,6.5264495384893985e-06,6.832602819118266e-06,6.5264495384893985e-06,3.0375656715437393e-06
280,155474.9498997996,4.04235149374641e-07,6.8441365733048055e-06,7.248371722679446e-06,6.8441365733048055e-06,3.2370076143653723e-06
281,156065.93186372746,5.253417831219464e-07,7.111265264602355e-06,7.636607047724301e-06,7.111265264602355e-06,3.4228940138072174e-06
282,156656.9138276553,6.721327237421296e-07,7.32349446652833e-06,7.99562719027046e-06,7.32349446652833e-06,3.595963802928655e-06
283,157247.89579158317,8.467884075942125e-07,7.477924242422022e-06,8.324712650016234e-06,7.477924242422022e-06,3.757660520658409e-06
284,157838.87775551103,1.0507828597130873e-06,7.573069655170079e-06,8.623852514883166e-06,7.573069655170079e-06,3.909791230707799e-06
285,158429.8597194389,1.28466990046819e-06,7.608779868576231e-06,8.89344976904442e-06,7.608779868576231e-06,4.054158982649647e-06
286,159020.84168336674,1.5479064174421045e-06,7.586117847561263e-06,9.134024265003368e-06,7.586117847561263e-06,4.19221706067239e-06
287,159611.8236472946,1.8387358057439472e-06,7.507215480796184e-06,9.34595128654013e-06,7.507215480796184e-06,4.3247882345469325e-06
288,160202.80561122246,2.1541510096438604e-06,7.375116976085501e-06,9.529267985729361e-06,7.375116976085501e-06,4.4518817944578225e-06
289,160793.78757515032,2.489949809243212e-06,7.193620640275463e-06,9.683570449518675e-06,7.193620640275463e-06,4.572627232021359e-06
290,161384.76953907817,2.8408857417294864e-06,6.967126321370652e-06,9.808012063100139e-06,6.967126321370652e-06,4.685328221095931e-06
291,161975.75150300603,3.2009074772362956e-06,6.700493316098542e-06,9.901400793334838e-06,6.700493316098542e-06,4.787626144830181e-06
292,162566.7334669339,3.5634690640536014e-06,6.398911614336501e-06,9.962380678390102e-06,6.398911614336501e-06,4.876750484018876e-06
293,163157.71543086175,3.9218847777447485e-06,6.06778790381783e-06,9.989672681562578e-06,6.06778790381783e-06,4.949825002846312e-06
294,163748.6973947896,4.2696967117827e-06,5.7126465934213185e-06,9.982343305204018e-06,5.7126465934213185e-06,5.00419429017036e-06
295,164339.67935871746,4.6010216311119836e-06,5.339045018319941e-06,9.940066649431925e-06,5.339045018319941e-06,5.037734761335617e-06
296,164930.66132264532,4.910846236605555e-06,4.952500856153525e-06,9.863347092759079e-06,4.952500856153525e-06,5.049117276127003e-06
297,165521.64328657315,5.1952464324975655e-06,4.558428667958049e-06,9.753675100455613e-06,5.1952464324975655e-06,5.037994501260661e-06
298,166112.625250501,5.45151542197846e-06,4.162081596902882e-06,9.613597018881341e-06,5.45151542197846e-06,5.0050944132763425e-06
299,166703.60721442886,5.678196045490521e-06,3.7684939112323005e-06,9.446689956722822e-06,5.678196045490521e-06,4.952211242011621e-06
300,167294.58917835672,5.8750231550526455e-06,3.382420532525269e-06,9.257443687577914e-06,5.8750231550526455e-06,4.882095939267856e-06
301,167885.57114228458,6.042790565852089e-06,3.008271066440165e-06,9.051061632292254e-06,6.042790565852089e-06,4.7982589804145914e-06
302,168476.55310621244,6.183163202146063e-06,2.6500380468521615e-06,8.833201248998225e-06,6.183163202146063e-06,4.7047078211311575e-06
303,169067.5350701403,6.2984579366943966e-06,2.3112217780705553e-06,8.609679714764952e-06,6.2984579366943966e-06,4.605648386845106e-06
304,169658.51703406815,6.391416338758326e-06,1.994756803617719e-06,8.386173142376044e-06,6.391416338758326e-06,4.505183445612183e-06
305,170249.498997996,6.4649895952524255e-06,1.702947078547425e-06,8.167936673799851e-06,6.4649895952524255e-06,4.407039906653825e-06
306,170840.48096192387,6.522151074203761e-06,1.4374178942376149e-06,7.959568968441376e-06,6.522151074203761e-06,4.314351976586316e-06
307,171431.46292585172,6.565746314608598e-06,1.1990922250630527e-06,7.764838539671651e-06,6.565746314608598e-06,4.229518462507013e-06
308,172022.44488977958,6.5983845622364746e-06,9.881974377476025e-07,7.586581999984077e-06,6.5983845622364746e-06,4.154141794351542e-06
309,172613.42685370744,6.622371053203737e-06,8.043055081552251e-07,7.426676561358962e-06,6.622371053203737e-06,4.089045400643114e-06
310,173204.4088176353,6.639675540122167e-06,6.464065209070252e-07,7.286082061029192e-06,6.639675540122167e-06,4.034356746344009e-06
311,173795.39078156315,6.651930244803257e-06,5.130118761866783e-07,7.164942120989935e-06,6.651930244803257e-06,3.989637040640533e-06
312,174386.37274549098,6.660449450015074e-06,4.022808515555158e-07,7.06273030157059e-06,6.660449450015074e-06,3.954036054633315e-06
313,174977.35470941884,6.666263080277109e-06,3.1216236821097555e-07,6.978425448488085e-06,6.666263080277109e-06,3.926451572215444e-06
314,175568.3366733467,6.670157545451236e-06,2.4054316685017973e-07,6.910700712301416e-06,6.670157545451236e-06,3.905676973342537e-06
315,176159.31863727455,6.672718490830093e-06,1.8539403758374845e-07,6.858112528413841e-06,6.672718490830093e-06,3.8905261377870585e-06
316,176750.3006012024,6.6743716126381715e-06,1.4490699048331086e-07,6.819278603121482e-06,6.6743716126381715e-06,3.879930968657626e-06
317,177341.28256513027,6.67541913033487e-06,1.1761788618648812e-07,6.793037016521358e-06,6.67541913033487e-06,3.873012240371305e-06
318,177932.26452905813,6.67607071311887e-06,1.0251062635612884e-07,6.778581339474999e-06,6.67607071311887e-06,3.869128385650237e-06
319,178523.24649298599,6.676468571606543e-06,9.910015712345362e-08,6.775568728729997e-06,6.676468571606543e-06,3.867908859500795e-06
320,179114.22845691384,6.6767070422738965e-06,1.0749203860069305e-07,6.78419908087459e-06,6.6767070422738965e-06,3.869278825375777e-06
321,179705.2104208417,6.6768473480402235e-06,1.2841614855564825e-07,6.805263496595872e-06,6.6768473480402235e-06,3.873480342552867e-06
322,180296.19238476956,6.676928369651914e-06,1.6323138903090222e-07,6.840159758682816e-06,6.676928369651914e-06,3.8810924118605275e-06
323,180887.17434869742,6.676974270903629e-06,2.1389739292512848e-07,6.890871663828757e-06,6.676974270903629e-06,3.893048681285088e-06
324,181478.15631262527,6.676999741619862e-06,2.8290863279733165e-07,6.9599083744171935e-06,6.676999741619862e-06,3.910647913343871e-06
325,182069.13827655313,6.67701349982399e-06,3.731864868878251e-07,7.050199986711815e-06,6.67701349982399e-06,3.93554911301936e-06
326,182660.120240481,6.6770205597584396e-06,4.879261120328264e-07,7.164946671791266e-06,6.6770205597584396e-06,3.969741176163434e-06
327,183251.10220440885,6.677023644300491e-06,6.303976353452434e-07,7.307421279645735e-06,6.677023644300491e-06,4.015476678866776e-06
328,183842.0841683367,6.677024008163656e-06,8.037051899042592e-07,7.480729198067915e-06,6.677024008163656e-06,4.075161479132258e-06
329,184433.06613226453,6.677021844388434e-06,1.010512388139287e-06,7.68753423252772e-06,6.677021844388434e-06,4.151196341567415e-06
330,185024.0480961924,6.6770163689037484e-06,1.2527483833530204e-06,7.929764752256769e-06,6.6770163689037484e-06,4.2457735752495415e-06
331,185615.03006012025,6.677005611971846e-06,1.5313139394151576e-06,8.208319551387003e-06,6.677005611971846e-06,4.360639905348671e-06
332,186206.0120240481,6.6769858861054315e-06,1.8458110374999164e-06,8.522796923605347e-06,6.6769858861054315e-06,4.496845169733022e-06
333,186796.99398797596,6.67695084306837e-06,2.194321669992505e-06,8.871272513060874e-06,6.67695084306837e-06,4.654503286202991e-06
334,187387.97595190382,6.676889975273581e-06,2.5732609792159138e-06,9.250150954489495e-06,6.676889975273581e-06,4.832595595800141e-06
335,187978.95791583168,6.676786359519142e-06,2.9773264993938372e-06,9.65411285891298e-06,6.676786359519142e-06,5.02884586758279e-06
336,188569.93987975953,6.67661338805385e-06,3.399559074688361e-06,1.007617246274221e-05,6.67661338805385e-06,5.2396904552269004e-06
337,189160.9218436874,6.676330193171246e-06,3.831522594542267e-06,1.0507852787713512e-05,6.676330193171246e-06,5.4603568733710496e-06
338,189751.90380761525,6.675875462724553e-06,4.263599896057398e-06,1.0939475358781951e-05,6.675875462724553e-06,5.685051003591287e-06
339,190342.8857715431,6.675159386895469e-06,4.685392120853511e-06,1.1360551507748981e-05,6.675159386895469e-06,5.907239589414141e-06
340,190933.86773547097,6.67405359715893e-06,5.08619959161519e-06,1.1760253188774121e-05,6.67405359715893e-06,6.120003192419063e-06
341,191524.84969939882,6.672379182808685e-06,5.45555484394224e-06,1.2127934026750926e-05,6.672379182808685e-06,6.316427476647447e-06
342,192115.83166332668,6.669893218276797e-06,5.783773470612287e-06,1.2453666688889083e-05,6.669893218276797e-06,6.489998681119691e-06
343,192706.81362725454,6.666274709781357e-06,6.062486208997263e-06,1.272876091877862e-05,6.666274709781357e-06,6.634972239119812e-06
344,193297.79559118237,6.661111450086775e-06,6.2851161934652565e-06,1.294622764355203e-05,6.661111450086775e-06,6.746690287634895e-06
345,193888.77755511022,6.653889896651406e-06,6.4472682245941055e-06,1.3101158121245512e-05,6.653889896651406e-06,6.821832085876982e-06
346,194479.75951903808,6.643990760000236e-06,6.547001881877246e-06,1.3190992641877482e-05,6.643990760000236e-06,6.858588856694084e-06
347,195070.74148296594,6.630693364211179e-06,6.584966938611022e-06,1.32156603028222e-05,6.630693364211179e-06,6.856759655022818e-06
348,195661.7234468938,6.613191851092134e-06,6.564387517290825e-06,1.317757936838296e-05,6.613191851092134e-06,6.817767080930323e-06
349,196252.70541082165,6.590625774637183e-06,6.4908905208008064e-06,1.308151629543799e-05,6.590625774637183e-06,6.744591778949216e-06
350,196843.6873747495,6.562126442030446e-06,6.372183865492585e-06,1.2934310307523031e-05,6.562126442030446e-06,6.641624409673191e-06
351,197434.66933867737,6.526878456475039e-06,6.2176005963541805e-06,1.274447905282922e-05,6.526878456475039e-06,6.514435095740002e-06
352,198025.65130260523,6.484193390054593e-06,6.037535531575133e-06,1.2521728921629725e-05,6.484193390054593e-06,6.369464634956832e-06
353,198616.63326653308,6.433589606878214e-06,5.842810836578228e-06,1.2276400443456442e-05,6.433589606878214e-06,6.213649266044148e-06
354,199207.61523046094,6.374869376612651e-06,5.644014794692846e-06,1.2018884171305496e-05,6.374869376612651e-06,6.054000291562718e-06
355,199798.5971943888,6.308182104183515e-06,5.4508628476012725e-06,1.1759044951784788e-05,6.308182104183515e-06,5.8971690978812904e-06
356,200389.57915831666,6.234061345177925e-06,5.271630664432438e-06,1.1505692009610363e-05,6.234061345177925e-06,5.749034313785368e-06
357,200980.56112224451,6.153423815663063e-06,5.11270487771654e-06,1.1266128693379602e-05,6.153423815663063e-06,5.614348725704081e-06
358,201571.54308617237,6.067521195894978e-06,4.978288106106548e-06,1.1045809302001527e-05,6.067521195894978e-06,5.496478084766741e-06
359,202162.52505010023,5.977840227543386e-06,4.87028159573934e-06,1.0848121823282726e-05,5.977840227543386e-06,5.397252750118781e-06
360,202753.5070140281,5.885953093032839e-06,4.788352584726794e-06,1.0674305677759632e-05,5.885953093032839e-06,5.316938453601882e-06
361,203344.48897795592,5.793327629339403e-06,4.7301761920778365e-06,1.052350382141724e-05,5.793327629339403e-06,5.25431757086047e-06
362,203935.47094188377,5.701114521877908e-06,4.691825359289189e-06,1.0392939881167098e-05,5.701114521877908e-06,5.206860445068022e-06
363,204526.45290581163,5.609935011564665e-06,4.668269125417929e-06,1.0278204136982594e-05,5.609935011564665e-06,5.170959964166051e-06
364,205117.4348697395,5.5196966036636405e-06,4.653930843017308e-06,1.0173627446680949e-05,5.5196966036636405e-06,5.142202620707922e-06
365,205708.41683366735,5.429464798012888e-06,4.643254696848065e-06,1.0072719494860952e-05,5.429464798012888e-06,5.115654786955727e-06
366,206299.3987975952,5.337415414605535e-06,4.6312311231685555e-06,9.96864653777409e-06,5.337415414605535e-06,5.086151529376345e-06
367,206890.38076152306,5.240884701091489e-06,4.613838748183029e-06,9.854723449274517e-06,5.240884701091489e-06,5.048583795079629e-06
368,207481.36272545092,5.136523756110514e-06,4.588371010185639e-06,9.724894766296153e-06,5.136523756110514e-06,4.998185192954035e-06
369,208072.34468937878,5.020551147501645e-06,4.553628148240594e-06,9.574179295742238e-06,5.020551147501645e-06,4.9308198470875036e-06
370,208663.32665330663,4.889084636540518e-06,4.509968172013827e-06,9.399052808554346e-06,4.889084636540518e-06,4.843267532118576e-06
371,209254.3086172345,4.738521509578576e-06,4.4592224469630755e-06,9.197743956541652e-06,4.738521509578576e-06,4.733492932751971e-06
372,209845.29058116235,4.565928929783263e-06,4.404491691449646e-06,8.97042062123291e-06,4.565928929783263e-06,4.600875327173536e-06
373,210436.2725450902,4.369402319354386e-06,4.349845961741001e-06,8.719248281095387e-06,4.369402319354386e-06,4.446366959277113e-06
374,211027.25450901806,4.1483517933398905e-06,4.299957435850995e-06,8.448309229190886e-06,4.299957435850995e-06,4.272546272315444e-06
375,211618.23647294592,3.903684028493879e-06,4.259697586853224e-06,8.163381615347103e-06,4.259697586853224e-06,4.0835381968175765e-06
376,212209.21843687375,3.637858786564338e-06,4.233730874254645e-06,7.871589660818982e-06,4.233730874254645e-06,3.8847879800529595e-06
377,212800.2004008016,3.3548140310634837e-06,4.226135616582173e-06,7.580949647645657e-06,4.226135616582173e-06,3.6826955336655495e-06
378,213391.18236472947,3.0597691057796917e-06,4.240079453473913e-06,7.2998485592536055e-06,4.240079453473913e-06,3.4841400284152204e-06
379,213982.16432865732,2.7589295421088765e-06,4.277571954372533e-06,7.036501496481409e-06,4.277571954372533e-06,3.2959446325099394e-06
380,214573.14629258518,2.4591276838396553e-06,4.339310695828357e-06,6.798438379668012e-06,4.339310695828357e-06,3.1243443419609357e-06
381,215164.12825651304,2.1674389461630854e-06,4.424629793967897e-06,6.592068740130982e-06,4.424629793967897e-06,2.9745227371574163e-06
382,215755.1102204409,1.8908134303973918e-06,4.531551835275361e-06,6.422365265672753e-06,4.531551835275361e-06,2.850275390051203e-06
383,216346.09218436875,1.63575697798358e-06,4.65693590705615e-06,6.29269288503973e-06,4.65693590705615e-06,2.753840036600198e-06
384,216937.0741482966,1.4080856269887425e-06,4.796706591486211e-06,6.204792218474954e-06,4.796706591486211e-06,2.6859098146021564e-06
385,217528.05611222447,1.2127645878162033e-06,4.94614200113189e-06,6.1589065889480935e-06,4.94614200113189e-06,2.645820010659281e-06
386,218119.03807615233,1.0538294315539863e-06,5.100193831140162e-06,6.154023262694148e-06,5.100193831140162e-06,2.631874901040443e-06
387,218710.02004008018,9.343753604573557e-07,5.25380954028288e-06,6.188184900740236e-06,5.25380954028288e-06,2.6417625977497516e-06
388,219301.00200400804,8.565920435234394e-07,5.402226574825755e-06,6.258818618349195e-06,5.402226574825755e-06,2.672994367708193e-06
389,219891.9839679359,8.21817752429977e-07,5.541211256514596e-06,6.363029008944573e-06,5.541211256514596e-06,2.723301682306219e-06
390,220482.96593186376,8.305878062437005e-07,5.667220570989741e-06,6.4978083772334415e-06,5.667220570989741e-06,2.7909295227489376e-06
391,221073.9478957916,8.826581502764139e-07,5.777473325550965e-06,6.660131475827379e-06,5.777473325550965e-06,2.8747779108555343e-06
392,221664.92985971947,9.76994025701587e-07,5.869927369698564e-06,6.846921395400151e-06,5.869927369698564e-06,2.9743643648171523e-06
393,222255.9118236473,1.111724380270013e-06,5.943170815595747e-06,7.05489519586576e-06,5.943170815595747e-06,3.0896062470696366e-06
394,222846.89378757516,1.2840729660966963e-06,5.99624618305462e-06,7.280319149151316e-06,5.99624618305462e-06,3.220450871604696e-06
395,223437.87575150302,1.4902851414449095e-06,6.028435665462336e-06,7.518720806907245e-06,6.028435665462336e-06,3.366408664564964e-06
396,224028.85771543087,1.72557386065291e-06,6.039041821101051e-06,7.76461568175396e-06,6.039041821101051e-06,3.526065756206997e-06
397,224619.83967935873,1.984108498438066e-06,6.027199750609473e-06,8.011308249047538e-06,6.027199750609473e-06,3.696662443362716e-06
398,225210.8216432866,2.2590660926207578e-06,5.9917535547638025e-06,8.25081964738456e-06,5.9917535547638025e-06,3.873819753874959e-06
399,225801.80360721445,2.5427571242105736e-06,5.931221627812914e-06,8.473978752023488e-06,5.931221627812914e-06,4.051477202241886e-06
400,226392.7855711423,2.8268284661195412e-06,5.843862995280723e-06,8.670691461400263e-06,5.843862995280723e-06,4.222073265067804e-06
401,226983.76753507016,3.1025362739264488e-06,5.727842072377386e-06,8.830378346303834e-06,5.727842072377386e-06,4.376961585503385e-06
402,227574.74949899802,3.3610729561414944e-06,5.581474058939024e-06,8.942547015080518e-06,5.581474058939024e-06,4.507017732284701e-06
403,228165.73146292588,3.5939261729412676e-06,5.403520049889155e-06,8.997446222830423e-06,5.403520049889155e-06,4.603360916135055e-06
404,228756.71342685373,3.793244719968149e-06,5.193491958644736e-06,8.986736678612885e-06,5.193491958644736e-06,4.658098148691729e-06
405,229347.6953907816,3.9521861611584326e-06,4.951924046897971e-06,8.904110208056404e-06,4.951924046897971e-06,4.6649976047847e-06
406,229938.67735470945,4.065223627719165e-06,4.680570850961314e-06,8.745794478680479e-06,4.680570850961314e-06,4.620012512833838e-06
407,230529.6593186373,4.12839340093483e-06,4.3825001915777115e-06,8.510893592512541e-06,4.3825001915777115e-06,4.5216026876489926e-06
408,231120.64128256514,4.139469779360774e-06,4.062063392079347e-06,8.201533171440122e-06,4.139469779360774e-06,4.3708318506715005e-06
409,231711.623246493,4.09805852502055e-06,3.724740735850665e-06,7.822799260871216e-06,4.09805852502055e-06,4.171248874727431e-06
410,232302.60521042085,4.005604482919214e-06,3.3768761500336957e-06,7.38248063295291e-06,4.005604482919214e-06,3.928584988931437e-06
411,232893.5871743487,3.86531276881739e-06,3.0253287656864454e-06,6.890641534503835e-06,3.86531276881739e-06,3.6503139496480324e-06
412,233484.56913827657,3.681986515382952e-06,2.677078496919325e-06,6.359065012302277e-06,3.681986515382952e-06,3.3451278641821513e-06
413,234075.55110220442,3.461787947036967e-06,2.338826974615937e-06,5.800614921652904e-06,3.461787947036967e-06,3.0223794041985266e-06
414,234666.53306613228,3.2119337774234645e-06,2.0166338207909426e-06,5.2285675982144075e-06,3.2119337774234645e-06,2.6915343312968123e-06
415,235257.51503006014,2.940340537636062e-06,1.7156219692688297e-06,4.655962506904892e-06,2.940340537636062e-06,2.3616694253058375e-06
416,235848.496993988,2.6552400167884025e-06,1.4397758182919072e-06,4.0950158350803094e-06,2.6552400167884025e-06,2.041042182860408e-06
417,236439.47895791585,2.364788786038269e-06,1.19184413458007e-06,3.556632920618339e-06,2.364788786038269e-06,1.7367510664078203e-06
418,237030.4609218437,2.076697911877043e-06,9.733475951895785e-07,3.0500455070666213e-06,2.076697911877043e-06,1.4544986397584465e-06
419,237621.44288577157,1.7979086884914997e-06,7.846802216804685e-07,2.5825889101719683e-06,1.7979086884914997e-06,1.198464028955303e-06
420,238212.42484969943,1.5343371215264061e-06,6.252858659913931e-07,2.1596229875177994e-06,1.5343371215264061e-06,9.71285127341177e-07
421,238803.40681362728,1.290704058548501e-06,4.938859341945433e-07,1.7845899927430443e-06,1.290704058548501e-06,7.741445118257942e-07
422,239394.38877755514,1.070459883515784e-06,3.8873271456404407e-07,1.4591925980798282e-06,1.070459883515784e-06,6.069463910518226e-07
423,239985.370741483,8.758035842164448e-07,3.0786358479160225e-07,1.183667169008047e-06,8.758035842164448e-07,4.6856576069132197e-07
424,240576.35270541086,7.077869848274189e-07,2.4933429258698195e-07,9.571212774144008e-07,7.077869848274189e-07,3.571461607667311e-07
425,241167.33466933868,5.664872031145933e-07,2.1141361854819618e-07,7.779008216627895e-07,5.664872031145933e-07,2.7041970130971647e-07
426,241758.31663326654,4.5122488958580035e-07,1.927263054421819e-07,6.439511950279822e-07,4.5122488958580035e-07,2.0602259828637106e-07
427,242349.2985971944,3.608030900874548e-07,1.9233565239919084e-07,5.531387424866456e-07,3.608030900874548e-07,1.6178109257006162e-07
428,242940.28056112226,2.9374176372622993e-07,2.097613799429881e-07,5.035031436692181e-07,2.9374176372622993e-07,1.3594570170168325e-07
429,243531.26252505012,2.484858151777092e-07,2.449322875784749e-07,4.93418102756184e-07,2.484858151777092e-07,1.2735559678063174e-07
430,244122.24448897797,2.235694159555927e-07,2.980770446302526e-07,5.216464605858452e-07,2.980770446302526e-07,1.3551907266072263e-07
431,244713.22645290583,2.177256973088973e-07,3.6956042333048174e-07,5.87286120639379e-07,3.6956042333048174e-07,1.6060062350034282e-07
432,245304.2084168337,2.2993786885675906e-07,4.5967655478295077e-07,6.896144236397098e-07,4.5967655478295077e-07,2.0331056647260982e-07
433,245895.19038076155,2.5943476015477817e-07,5.684153008251301e-07,8.278500609799083e-07,5.684153008251301e-07,2.6470025273145355e-07
434,246486.1723446894,3.0564006732794263e-07,6.952222360409692e-07,1.0008623033689118e-06,6.952222360409692e-07,3.4587528231135106e-07
435,247077.15430861726,3.680896399359068e-07,8.387763855463473e-07,1.2068660254822541e-06,8.387763855463473e-07,4.476507507544423e-07
436,247668.13627254512,4.463344390259243e-07,9.968119278581914e-07,1.4431463668841157e-06,9.968119278581914e-07,5.701852836275707e-07
437,248259.11823647298,5.398478786541132e-07,1.1660096753513107e-06,1.705857554005424e-06,1.1660096753513107e-06,7.126421478565721e-07
438,248850.10020040083,6.479548046698524e-07,1.3419805925155118e-06,1.9899353971853644e-06,1.3419805925155118e-06,8.729328369522956e-07
439,249441.0821643287,7.69795276539141e-07,1.5193566051467792e-06,2.28915188168592e-06,1.5193566051467792e-06,1.0475977792257271e-06
440,250032.06412825652,9.043298630229036e-07,1.691993758908212e-06,2.596323621931116e-06,1.691993758908212e-06,1.2318676081645934e-06
441,250623.04609218438,1.050385041093287e-06,1.8532803115093158e-06,2.9036653526026025e-06,1.8532803115093158e-06,1.4199260651257814e-06
442,251214.02805611223,1.2067286444902514e-06,1.996529082472728e-06,3.2032577269629795e-06,1.996529082472728e-06,1.6053640787173374e-06
443,251805.0100200401,1.3721576257444449e-06,2.1154212232628124e-06,3.4875788490072575e-06,2.1154212232628124e-06,1.7817787486112345e-06
444,252395.99198396795,1.545575264185328e-06,2.204459478530112e-06,3.75003474271544e-06,2.204459478530112e-06,1.9434379196566245e-06
445,252986.9739478958,1.7260337536040503e-06,2.2593846758139257e-06,3.985418429417976e-06,2.2593846758139257e-06,2.0859085709592366e-06
446,253577.95591182366,1.91272166448484e-06,2.2775106657703424e-06,4.1902323302551825e-06,2.2775106657703424e-06,2.206541957541604e-06
447,254168.93787575152,2.1048840885840494e-06,2.2579404133314427e-06,4.3628245019154925e-06,2.2579404133314427e-06,2.3047237814370414e-06
448,254759.91983967938,2.3016753575417405e-06,2.2016386079324873e-06,4.503313965474228e-06,2.3016753575417405e-06,2.3818326284606326e-06
449,255350.90180360724,2.501958198949915e-06,2.1113523280861594e-06,4.613310527036074e-06,2.501958198949915e-06,2.440898787061758e-06
450,255941.8837675351,2.70407655348529e-06,1.9913886591748794e-06,4.69546521266017e-06,2.70407655348529e-06,2.486008998948111e-06
451,256532.86573146295,2.9056393690948293e-06,1.8472742069778283e-06,4.752913576072658e-06,2.9056393690948293e-06,2.5215497276414555e-06
452,257123.8476953908,3.1033572386767945e-06,1.6853338877994682e-06,4.788691126476263e-06,3.1033572386767945e-06,2.5514122455011416e-06
453,257714.82965931867,3.2929713622269296e-06,1.5122335517141463e-06,4.805204913941076e-06,3.2929713622269296e-06,2.5782907404740473e-06
454,258305.81162324653,3.4693048189408604e-06,1.3345321470311398e-06,4.803836965972001e-06,3.4693048189408604e-06,2.6031882103724054e-06
455,258896.79358717438,3.626450672740731e-06,1.158284485007459e-06,4.78473515774819e-06,3.626450672740731e-06,2.625207850154819e-06
456,259487.77555110224,3.7580922953076163e-06,9.88726321934893e-07,4.746818617242509e-06,3.7580922953076163e-06,2.6416578246562756e-06
457,260078.7575150301,3.857931502186555e-06,8.300611761467469e-07,4.687992678333301e-06,3.857931502186555e-06,2.6484448000558637e-06
458,260669.73947895796,3.920182873821822e-06,6.85355052148165e-07,4.605537925969987e-06,3.920182873821822e-06,2.640686232511104e-06
459,261260.7214428858,3.940080791656353e-06,5.565329758417229e-07,4.496613767498076e-06,3.940080791656353e-06,2.613440764619054e-06
460,261851.70340681367,3.914341186846822e-06,4.4446147982710487e-07,4.358802666673927e-06,3.914341186846822e-06,2.5624441724074164e-06
461,262442.6853707415,3.841523500842583e-06,3.4909484871118794e-07,4.190618349553771e-06,3.841523500842583e-06,2.4847452536008876e-06
462,263033.6673346694,3.7222493332918133e-06,2.6966031776986065e-07,3.9919096510616735e-06,3.7222493332918133e-06,2.379158628857014e-06
463,263624.64929859724,3.5592510036505495e-06,2.0485819752721405e-07,3.7641092011777633e-06,3.5592510036505495e-06,2.246484217309639e-06
464,264215.6312625251,3.3572432666326187e-06,1.5305631843822394e-07,3.5102995850708426e-06,3.3572432666326187e-06,2.089479856156561e-06
465,264806.6132264529,3.1226318129395406e-06,1.1246326723861976e-07,3.2350950801781604e-06,3.1226318129395406e-06,1.91260820732393e-06
466,265397.59519038076,2.8630901624595754e-06,8.127060346862346e-08,2.9443607659281986e-06,2.8630901624595754e-06,1.7216069818319322e-06
467,265988.5771543086,2.5870498313759047e-06,5.775972134131852e-08,2.6448095527172234e-06,2.5870498313759047e-06,1.522949542637484e-06
468,266579.5591182365,2.3031557524422116e-06,4.037362070016153e-08,2.343529373142373e-06,2.3031557524422116e-06,1.3232698582523638e-06
469,267170.54108216433,2.0197393413403605e-06,2.775721544339895e-08,2.0474965567837593e-06,2.0197393413403605e-06,1.1288220002966933e-06
470,267761.5230460922,1.7443557891396662e-06,1.8771847385252675e-08,1.7631276365249188e-06,1.7443557891396662e-06,9.450317352596109e-07
471,268352.50501002005,1.4834213981246576e-06,1.2490504981897038e-08,1.4959119031065547e-06,1.4834213981246576e-06,7.761790774870911e-07
472,268943.4869739479,1.241972904740079e-06,8.180118973695934e-09,1.250153023713775e-06,1.241972904740079e-06,6.252292888963717e-07
473,269534.46893787576,1.0235558315480053e-06,5.276526662349876e-09,1.0288323582103552e-06,1.0235558315480053e-06,4.938090777557467e-07
474,270125.4509018036,8.302349786581974e-07,3.3565631174651986e-09,8.335915417756626e-07,8.302349786581974e-07,3.8230752210354374e-07
475,270716.4328657315,6.627088366110512e-07,2.1105025459692056e-09,6.648193391570204e-07,6.627088366110512e-07,2.9006949517294096e-07
476,271307.41482965933,5.20502046891683e-07,1.3169182571043376e-09,5.218189651487873e-07,5.20502046891683e-07,2.156439585777802e-07
477,271898.3967935872,4.0220647368935413e-07,8.210643311742607e-10,4.0302753802052837e-07,4.0220647368935413e-07,1.5705014383280852e-07
478,272489.37875751505,3.057417792045349e-07,5.171521897769737e-10,3.0625893139431187e-07,3.057417792045349e-07,1.1203016231965951e-07
479,273080.3607214429,2.2860991245461085e-07,3.343994368752598e-10,2.2894431189148611e-07,2.2860991245461085e-07,7.826518725972845e-08
480,273671.34268537076,1.6812361012953862e-07,2.2643555250044092e-10,1.6835004568203906e-07,1.6812361012953862e-07,5.3542095709546885e-08
481,274262.3246492986,1.2159574018674735e-07,1.6351412832684743e-10,1.217592543150742e-07,1.2159574018674735e-07,3.5866621108734924e-08
482,274853.3066132265,8.648304639329388e-08,1.2695687881243474e-10,8.661000327210631e-08,8.648304639329388e-08,2.3526412680430378e-08
483,275444.28857715434,6.048374699278971e-08,1.0529838402658062e-10,6.058904537681628e-08,6.048374699278971e-08,1.5112295686256182e-08
484,276035.2705410822,4.159297260464541e-08,9.167906192626292e-11,4.168465166657167e-08,4.159297260464541e-08,9.508416350779677e-09
485,276626.25250501005,2.8122976779870433e-08,8.212361280477791e-11,2.8205100392675212e-08,2.8122976779870433e-08,5.862209849332423e-09
486,277217.2344689379,1.869646596818244e-08,7.442829551885644e-11,1.8770894263701294e-08,1.869646596818244e-08,3.543865171050807e-09
487,277808.21643286577,1.2221517153541227e-08,6.745500109345409e-11,1.2288972154634682e-08,1.2221517153541227e-08,2.1028520911009295e-09
488,278399.1983967936,7.855731475475097e-09,6.069021235130095e-11,7.916421687826398e-09,7.855731475475097e-09,1.2267164010997755e-09
489,278990.1803607215,4.9658870012389106e-09,5.397268864732781e-11,5.019859689886238e-09,4.9658870012389106e-09,7.051718112102799e-10
490,279581.16232464934,3.0877427130809047e-09,4.732685627502077e-11,3.1350695693559253e-09,3.0877427130809047e-09,4.007692936983958e-10
491,280172.1442885772,1.889072506077044e-09,4.086183961744967e-11,1.929934345694494e-09,1.889072506077044e-09,2.261945233935826e-10
492,280763.12625250506,1.1376461378618896e-09,3.4711300529172806e-11,1.1723574383910624e-09,1.1376461378618896e-09,1.2750275488964265e-10
493,281354.1082164329,6.748113079504241e-10,2.8998944808094597e-11,7.038102527585187e-10,6.748113079504241e-10,7.225339968905297e-11
494,281945.09018036077,3.9458559162681356e-10,2.3820470568133486e-11,4.1840606219494705e-10,3.9458559162681356e-10,4.1436374804213176e-11
495,282536.0721442886,2.2770931350394543e-10,1.9236209712000532e-11,2.46945523215946e-10,2.2770931350394543e-10,2.417858703096461e-11
496,283127.0541082164,1.2988489576179737e-10,1.52707030831961e-11,1.4515559884499348e-10,1.2988489576179737e-10,1.4394108559305268e-11
497,283718.0360721443,7.337050822404259e-11,1.1916592354384346e-11,8.528710057842693e-11,7.337050822404259e-11,8.735612592982501e-12
498,284309.01803607214,4.114554337036778e-11,9.140909322940814e-12,5.028645269330859e-11,4.114554337036778e-11,5.382413835861866e-12
499,284900.0,2.2972862371566203e-11,6.892327448539468e-12,2.986518982010567e-11,2.2972862371566203e-11,3.3460478513907845e-12
